{
  "ece": 0.324,
  "r_std_vs_err": 0.0946,
  "coverage_1sigma": 0.5744,
  "coverage_2sigma": 0.7179,
  "n_test": 195,
  "bin_pred_std": [
    0.10534471273422241,
    0.12469425052404404,
    0.13718226552009583,
    0.14873570203781128,
    0.16401851177215576,
    0.17670592665672302,
    0.19295884668827057,
    0.22140248119831085,
    0.3053423762321472,
    0.5487542152404785
  ],
  "bin_actual_err": [
    0.13502351939678192,
    0.2554958760738373,
    0.31685155630111694,
    0.4096803665161133,
    0.6351161003112793,
    0.7740961313247681,
    0.641598641872406,
    0.7917959094047546,
    0.8065795302391052,
    0.5984830260276794
  ],
  "bin_counts": [
    20,
    19,
    20,
    19,
    19,
    20,
    19,
    20,
    19,
    19
  ],
  "pred": [
    -2.7101383209228516,
    -5.47920036315918,
    -5.012297630310059,
    -3.7947945594787598,
    -1.3839960098266602,
    -1.7211415767669678,
    -4.06675386428833,
    -1.5267513990402222,
    -3.7863099575042725,
    -2.768709421157837,
    -4.680146217346191,
    -2.422328233718872,
    -4.78312873840332,
    -5.317018032073975,
    -3.8602538108825684,
    -2.1672558784484863,
    -3.169792890548706,
    -4.460999965667725,
    -4.717213153839111,
    -1.925896406173706,
    -3.7143402099609375,
    -2.131725788116455,
    -5.655056953430176,
    -4.680138111114502,
    -1.6645995378494263,
    -1.9153550863265991,
    -2.747859001159668,
    0.2031421661376953,
    -3.1953890323638916,
    -3.4771323204040527,
    -0.8323554992675781,
    -0.6291894912719727,
    -3.296853542327881,
    -3.0166900157928467,
    -2.9985759258270264,
    -5.837932586669922,
    -2.013634204864502,
    -2.633876323699951,
    -2.0996856689453125,
    -2.8875181674957275,
    -4.372402191162109,
    -1.3363420963287354,
    -2.2878382205963135,
    -2.533090591430664,
    -4.180608749389648,
    0.8573172092437744,
    -3.908050775527954,
    -4.064021587371826,
    -2.4019315242767334,
    -3.071821451187134,
    -5.730681419372559,
    -3.305528163909912,
    -1.3522768020629883,
    -3.664353847503662,
    -2.40164852142334,
    -3.3274405002593994,
    -0.7594399452209473,
    -1.5593931674957275,
    -3.2386958599090576,
    -1.5226718187332153,
    -2.1432368755340576,
    -4.248883247375488,
    -2.5142807960510254,
    -2.122333526611328,
    -2.5317296981811523,
    0.14305806159973145,
    -2.9567415714263916,
    -3.9306344985961914,
    -2.950786590576172,
    -1.616878867149353,
    -5.356378555297852,
    -3.5390827655792236,
    -5.342538833618164,
    -2.553966522216797,
    -3.841346263885498,
    -4.307557106018066,
    -3.580167055130005,
    -2.9165549278259277,
    -2.2208425998687744,
    -4.248864650726318,
    -2.128264904022217,
    -2.6783783435821533,
    -3.138437509536743,
    -4.968656063079834,
    -1.4686570167541504,
    -3.695967674255371,
    -3.6749658584594727,
    -2.3759164810180664,
    -1.304896354675293,
    -3.770109176635742,
    -2.600370168685913,
    -1.9174797534942627,
    -0.8361494541168213,
    -5.863907814025879,
    -3.793647289276123,
    -2.769761323928833,
    -1.912102460861206,
    -2.8879075050354004,
    -4.2624993324279785,
    -3.5530006885528564,
    -3.141690492630005,
    -4.442501068115234,
    -3.495137929916382,
    -0.8858075141906738,
    -3.061361789703369,
    -3.1643025875091553,
    -1.7366151809692383,
    -1.3934345245361328,
    -4.028841972351074,
    -4.474431991577148,
    -2.4877114295959473,
    -1.689547061920166,
    -4.726041316986084,
    -2.8879432678222656,
    -2.792574405670166,
    -4.9275922775268555,
    -0.3499617576599121,
    -2.97879695892334,
    -2.6632578372955322,
    -3.1532928943634033,
    -3.539243459701538,
    -1.5842289924621582,
    -3.562685489654541,
    -2.330965518951416,
    -4.744436740875244,
    -3.622420310974121,
    -2.7393996715545654,
    -3.5626800060272217,
    -3.819382667541504,
    -2.9332656860351562,
    -2.059459686279297,
    -3.8033509254455566,
    -4.316866397857666,
    -4.067286491394043,
    -2.3961360454559326,
    -2.824538230895996,
    -1.495577096939087,
    -3.1654720306396484,
    -4.067266941070557,
    -3.291170835494995,
    -4.0603179931640625,
    -3.437774658203125,
    -3.8922829627990723,
    -3.8771138191223145,
    -5.553759574890137,
    -4.475428581237793,
    -4.255926132202148,
    -0.9307131767272949,
    -1.6585808992385864,
    -6.605350971221924,
    -3.779341220855713,
    -0.41337132453918457,
    -3.3659000396728516,
    -3.6005170345306396,
    -2.4832723140716553,
    -5.597225666046143,
    -2.9006845951080322,
    -5.930594444274902,
    -2.5882439613342285,
    -5.4423112869262695,
    -3.9898688793182373,
    -3.377854347229004,
    -3.9360578060150146,
    -2.4838178157806396,
    -1.1754182577133179,
    -2.0904276371002197,
    -2.809879779815674,
    -1.6585450172424316,
    -2.95208740234375,
    -4.966318130493164,
    -2.0029895305633545,
    -2.539362907409668,
    -3.3807458877563477,
    -2.9332311153411865,
    -4.945585250854492,
    -1.5287353992462158,
    -4.067316055297852,
    -4.843024730682373,
    -2.455899715423584,
    -2.4213826656341553,
    -3.2911834716796875,
    -2.195840835571289,
    -3.3756701946258545,
    -4.390848159790039,
    -0.47989511489868164,
    -3.6988368034362793,
    -3.111053943634033,
    -3.60235857963562,
    -2.1669626235961914,
    -0.7583296298980713,
    -3.6656429767608643,
    -2.7558653354644775,
    -3.0991930961608887,
    -2.5492141246795654,
    1.2609541416168213
  ],